population,line,individual,blade_location,smaller_area_measured,hole_punch_farther_than_4cm,end_farther_than_4cm,blade_location_original,measurement_specifics,"Area (60x60 circle, should be 2828pixels^2)",mean_grey_scale,min_grey_scale,max_grey_scale,weight_of_hole_punch_mg,NOTES,NOTES
Victoria,3,1,hole punch,no,no,no,hole punch,,2828,121,94,187,1,"general note: Due to the drastic difference of size, the smaller, less successful frond ends are closer to the stipe which would result in a darker colour. ","Missing from bleached kelp photo analysis:
1.1
1.4
9.12 (but there were 2 x 9.11)
10.8
11.2
11.11
12.4 (first blade is missing. we have one photo labelled second blade)
12.12"
Victoria,3,1,middle,no,no,no,middle,,2828,153.953,125,172,1,,
Victoria,3,1,end,no,no,no,end,,2828,167.428,147,177,1,,
Victoria,3,2,hole punch,no,no,no,hole punch,,2828,123.377,102,136,1.191,,
Victoria,3,2,middle,no,no,no,middle,,2828,138.987,116,152,1.191,,
Victoria,3,2,end,no,no,no,end,,2828,156.421,99,186,1.191,,
Victoria,3,3,hole punch,no,no,no,hole punch,,2828,142.678,101,191,0.859,,
Victoria,3,3,middle,no,no,no,middle,,2828,149.413,103,167,0.859,,
Victoria,3,3,end,no,no,no,end,,2828,163.372,114,179,0.859,,
Victoria,3,4,hole punch,no,no,no,hole punch,,2828,95.384,70,125,0.905,,
Victoria,3,4,middle,no,no,no,middle,,2828,130.255,84,150,0.905,,
Victoria,3,4,end,yes,no,no,end smaller,,1124,153.483,82,176,0.905,,
Victoria,3,5,hole punch,no,no,no,hole punch,,2828,151.977,81,172,1.621,,
Victoria,3,5,middle,no,no,no,middle,,2828,148.462,93,169,1.621,,
Victoria,3,6,hole punch,no,no,no,hole punch,,2828,122.514,104,134,0.767,,
Victoria,3,6,middle,no,no,no,middle,,2828,125.676,80,151,0.767,,
Victoria,3,6,end,no,no,no,end,,2828,141.865,58,164,0.767,,
Victoria,3,7,hole punch,no,no,no,hole punch,,2828,125.592,94,137,1.008,,
Victoria,3,7,end,no,no,no,end,,2828,139.545,70,155,1.008,,
Victoria,3,8,hole punch,yes,no,no,hole punch smaller,,1156,101.597,58,132,1.094,,
Victoria,3,8,middle,no,no,no,middle,,2828,114.551,82,137,1.094,,
Victoria,3,9,end,no,no,no,end,,2828,97.89,84,109,0.825,,
Victoria,3,9,hole punch,no,yes,no,hole punch,,2828,112.477,93,127,0.825,,
Victoria,3,10,stipe,no,no,no,stipe,,2828,81.353,62,94,1.202,,
Victoria,3,10,hole punch,no,yes,no,hole punch,,2828,117.638,99,127,1.202,,
Victoria,3,10,middle,yes,no,no,middle smaller,,1264,120.128,92,143,1.202,,
Victoria,3,11,hole punch,no,no,no,hole punch,,2828,115.944,107,125,1.256,,
Victoria,3,11,end,yes,no,no,end smaller,,740,139.077,58,171,1.256,,
Victoria,3,12,hole punch,no,no,no,hole punch,,2828,99.597,79,142,0.985,,
Victoria,3,12,end,yes,no,no,end smaller,,234,108.603,28,148,0.985,,
Victoria,6,1,hole punch,yes,no,no,hole punch smaller,6.1.jpg:Hole punch smaller,674,112.015,52,134,1.079,,
Victoria,6,1,end,no,no,no,end,6.1.jpg:End,2828,158.626,105,176,1.079,,
Victoria,6,2,hole punch,no,no,no,hole punch,6.2.jpg:Hole punch,2828,131.739,116,145,NA,broke to pieces,
Victoria,6,2,middle,no,no,no,middle,6.2.jpg:Middle,2828,138.099,85,156,NA,broke to pieces,
Victoria,6,2,end,no,no,no,end ,6.2.jpg:End,2828,150.648,69,175,NA,broke to pieces,
Victoria,6,3,hole punch,no,no,no,hole punch,6.3.jpg:Hole punch,2828,136.342,71,166,0.939,,
Victoria,6,3,end,no,no,no,end,6.3.jpg:End,2828,144.811,82,186,0.939,,
Victoria,6,4,hole punch,yes,no,no,hole punch smaller,6.4.jpg:Hole punch smaller,380,100.361,58,128,1.207,,
Victoria,6,5,stipe,no,no,no,stipe,6.5.jpg:Stipe,2828,126.056,72,182,0.703,,
Victoria,6,5,end,no,no,no,end,6.5.jpg:End,2828,148.648,66,185,0.703,,
Victoria,6,6,hole punch,no,no,no,hole punch,6.6.jpg:Hole punch,2828,110.072,97,120,0.903,,
Victoria,6,6,middle,yes,no,no,middle smaller,6.6.jpg:Middle smaller,832,129.656,68,189,0.903,,
Victoria,6,7,hole punch,no,no,no,hole punch,6.7.jpg:Hole punch,2828,116.667,97,130,1.398,,
Victoria,6,7,end,no,no,no,end,6.7.jpg:End,2828,148.723,110,182,1.398,,
Victoria,6,8,hole punch,no,no,no,hole punch,6.8.jpg:Hole punch,2828,98.72,88,110,1.763,,
Victoria,6,8,middle,no,no,no,middle ,6.8.jpg:Middle,2828,127.231,97,136,1.763,,
Victoria,6,8,end,no,no,no,end,6.8.jpg:End,2828,144.994,106,181,1.763,,
Victoria,6,9,hole punch,no,no,no,hole punch,6.9.jpg:Hole punch,2828,95.323,80,183,1.077,,
Victoria,6,9,middle,no,no,no,middle,6.9.jpg:Middle,2828,120.523,81,135,1.077,,
Victoria,6,9,end,no,no,yes,end (further than 4cm),6.9.jpg:End (further than 4cm),2828,137.777,88,152,1.077,,
Victoria,6,10,hole punch,no,no,no,hole punch,6.10.jpg:Hole punch,2828,106.028,86,120,1.405,,
Victoria,6,10,middle,no,no,no,middle,6.10.jpg:Middle,2828,134.626,108,145,1.405,,
Victoria,6,11,hole punch,no,no,no,hole punch,6.11.jpg:Hole punch,2828,90.939,80,102,1.493,,
Victoria,6,11,middle,no,no,no,middle,6.11.jpg:Middle,2828,127.612,82,150,1.493,,
Victoria,6,12,stipe,no,no,no,stipe,6.12.jpg:Stipe,2828,63.299,57,71,1.269,,
Victoria,6,12,hole punch,no,yes,no,hole punch,6.12.jpg:Hole punch,2828,93.64,77,105,1.269,,
Victoria,6,12,middle,no,no,no,middle,6.12.jpg:Middle,2828,138.598,110,154,1.269,,
Victoria,6,12,end,yes,no,no,end smaller,6.12.jpg:End smaller,1136,138.709,84,170,1.269,,
Victoria,11,1,hole punch,no,no,no,hole punch,11.1.jpg:Hole punch,2828,128.455,100,142,1.138,,
Victoria,11,1,middle,no,no,no,middle,11.1.jpg:Middle,2828,143.668,120,154,1.138,,
Victoria,11,1,end,no,no,no,end,11.1.jpg:End,2828,160.312,128,173,1.138,,
Victoria,11,3,hole punch,no,no,no,hole punch,11.3.jpg:Hole punch,2828,134.531,67,154,1.64,,
Victoria,11,3,middle,no,no,no,middle,11.3.jpg:Middle,2828,149.448,75,164,1.64,,
Victoria,11,3,end,no,no,no,end,11.3.jpg:End,2828,158.997,131,170,1.64,,
Victoria,11,4,hole punch,no,no,no,hole punch,11.4.jpg:Hole punch,2828,130.354,87,152,1.241,,
Victoria,11,4,middle,no,no,no,middle,11.4.jpg:Middle,2828,143.304,108,156,1.241,,
Victoria,11,4,end,no,no,no,end,11.4.jpg:End,2828,146.504,94,167,1.241,,
Victoria,11,5,hole punch,no,no,no,hole punch,11.5.jpg:Hole punch,2828,118.095,47,187,1.211,,
Victoria,11,5,middle,no,no,no,middle,11.5.jpg:Middle,2828,126.784,97,167,1.211,,
Victoria,11,5,end,no,no,no,end,11.5.jpg:End,2828,149.103,89,170,1.211,,
Victoria,11,6,hole punch,no,no,no,hole punch,11.6.jpg:Hole punch,2828,125.464,108,140,1.261,,
Victoria,11,6,middle,no,no,no,middle,11.6.jpg:Middle,2828,140.75,113,154,1.261,,
Victoria,11,6,end,no,no,no,end,11.6.jpg:End,2828,158.197,100,175,1.261,,
Victoria,11,7,hole punch,no,no,no,hole punch,11.7.jpg:Hole punch,2828,116.525,85,181,1.412,,
Victoria,11,7,middle,no,no,no,middle,11.7.jpg:Middle,2828,139.42,109,155,1.412,,
Victoria,11,7,end,no,no,no,end,11.7.jpg:End,2828,157.218,142,169,1.412,,
Victoria,11,8,hole punch,no,no,no,hole punch,11.8.jpg:Hole punch,2828,125.949,115,138,1.082,,
Victoria,11,8,middle,no,no,no,middle,11.8.jpg:Middle,2828,151.26,137,160,1.082,,
Victoria,11,8,end,no,no,no,end,11.8.jpg:End,2828,147.557,120,160,1.082,,
Victoria,11,9,hole punch,no,no,no,hole punch,11.9.jpg:Hole punch,2828,126.782,114,138,1.284,,
Victoria,11,9,end,no,no,no,end,11.9.jpg:End,2828,137.843,118,148,1.284,,
Victoria,11,10,hole punch,no,no,no,hole punch,11.10.jpg:Hole punch,2828,121.512,111,133,1.091,,
Victoria,11,10,middle,no,no,no,middle,11.10.jpg:Middle,2828,148.109,123,155,1.091,,
Victoria,11,10,end,no,no,yes,end (further than 4cm),11.10.jpg:End more than 4cm,2828,149.581,106,174,1.091,,
Victoria,11,11,,,,,,,,,,,1.198,,
Victoria,11,12,hole punch,no,no,no,hole punch,11.12.jpg:Hole punch,2828,128.852,122,135,1.472,,
Victoria,11,12,middle,no,no,no,middle,11.12.jpg:Middle,2828,150.665,125,156,1.472,,
Victoria,11,12,end,no,no,no,end,11.12.jpg:End,2828,155.675,147,162,1.472,,
Oyster River,2,1,hole punch,no,no,no,hole punch,2.1.jpg:Hole punch,2828,111.295,94,124,1.883,,
Oyster River,2,1,middle,no,no,no,middle,2.1.jpg:Middle,2828,148.144,126,161,1.883,,
Oyster River,2,1,end,no,no,no,end,2.1.jpg:End,2828,167.177,123,187,1.883,,
Oyster River,2,2,hole punch,no,no,no,hole punch,2.2.jpg:Hole punch,2828,110.324,99,123,1.956,,
Oyster River,2,2,middle,no,no,no,middle,2.2.jpg:Middle,2828,143.191,130,153,1.956,,
Oyster River,2,2,end,no,no,no,end,2.2.jpg:End,2828,165.121,151,174,1.956,,
Oyster River,2,3,hole punch,no,no,no,hole punch,2.3.jpg:Hole punch,2828,125.783,112,136,1.145,,
Oyster River,2,3,middle,no,no,no,middle,2.3.jpg:Middle,2828,152.157,97,162,1.145,,
Oyster River,2,3,end,no,no,no,end,2.3.jpg:End,2828,164.14,125,176,1.145,,
Oyster River,2,4,hole punch,no,no,no,hole punch,2.4.jpg:Hole punch,2828,100.812,88,114,1.684,,
Oyster River,2,4,middle,no,no,no,middle,2.4.jpg:Middle,2828,135.685,124,147,1.684,,
Oyster River,2,4,end,no,no,no,end,2.4.jpg:End,2828,155.707,115,170,1.684,,
Oyster River,2,5,hole punch,no,no,no,hole punch,2.5.jpg:Hole punch,2828,79.822,65,96,1.916,,
Oyster River,2,5,middle,no,no,no,middle,2.5.jpg:Middle,2828,141.214,119,152,1.916,,
Oyster River,2,5,end,no,no,no,end,2.5.jpg:End,2828,150.063,102,170,1.916,,
Oyster River,2,6,hole punch,no,no,no,hole punch,2.6.jpg:Hole punch,2828,113.628,97,126,1.619,,
Oyster River,2,6,middle,no,no,no,middle,2.6.jpg:Middle,2828,138.763,93,150,1.619,,
Oyster River,2,6,end,no,no,no,end,2.6.jpg:End,2828,158.994,119,171,1.619,,
Oyster River,2,7,hole punch,no,no,no,hole punch,2.7.jpg:Hole punch,2828,121.723,103,133,1.6,,
Oyster River,2,7,middle,no,no,no,middle,2.7.jpg:Middle,2828,142.932,108,154,1.6,,
Oyster River,2,7,end,no,no,no,end,2.7.jpg:End,2828,162.21,89,179,1.6,,
Oyster River,2,8,hole punch,no,no,no,hole punch,2.8.jpg:Hole punch,2828,96.295,86,106,2.151,,
Oyster River,2,8,middle,no,no,no,middle,2.8.jpg:Middle,2828,140.687,114,153,2.151,,
Oyster River,2,8,end,no,no,no,end,2.8.jpg:End,2828,157.578,119,169,2.151,,
Oyster River,2,9,hole punch,no,no,no,hole punch,2.9.jpg:Hole punch,2828,110.102,98,124,1.953,,
Oyster River,2,9,middle,no,no,no,middle,2.9.jpg:Middle,2828,135.14,120,145,1.953,,
Oyster River,2,9,end,no,no,no,end,2.9.jpg:End,2828,161.321,122,170,1.953,,
Oyster River,2,10,hole punch,no,no,no,hole punch,2.10.jpg:Hole punch,2828,123.408,110,134,1.438,,
Oyster River,2,10,middle,no,no,no,middle,2.10.jpg:Middle,2828,149.656,123,158,1.438,,
Oyster River,2,10,end,no,no,no,end,2.10.jpg:End,2828,158.619,57,178,1.438,,
Oyster River,2,11,hole punch,no,no,no,hole punch,2.11.jpg:Hole punch,2828,108.352,97,116,1.738,,
Oyster River,2,11,middle,no,no,no,middle,2.11.jpg:Middle,2828,131.629,114,143,1.738,,
Oyster River,2,11,end,no,no,no,end,2.11.jpg:End,2828,165.62,125,176,1.738,,
Oyster River,2,12,hole punch,no,no,no,hole punch,2.12.jpg:Hole punch,2828,123.137,114,133,1.108,,
Oyster River,2,12,middle,no,no,no,middle,2.12.jpg:Middle,2828,153.739,117,178,1.108,,
Oyster River,2,12,end,no,no,no,end,2.12.jpg:End,2828,157.996,115,174,1.108,,
Oyster River,7,1,stipe,no,no,no,stipe,7.1.jpg:Stipe,2828,111.294,98,126,0.884,,
Oyster River,7,1,hole punch,no,yes,no,hole punch,7.1.jpg:Hole punch,2828,131.901,123,144,0.884,,
Oyster River,7,1,middle,no,no,no,middle,7.1.jpg:Middle,2828,147.115,119,158,0.884,,
Oyster River,7,1,end,no,no,no,end,7.1.jpg:End,2828,163.266,143,172,0.884,,
Oyster River,7,2,stipe,no,no,no,stipe,7.2.jpg:Stipe,2828,91.716,77,105,NA,hole punch stuck to other kelp,
Oyster River,7,2,hole punch,no,yes,no,hole punch,7.2.jpg:Hole punch,2828,134.813,119,145,NA,hole punch stuck to other kelp,
Oyster River,7,2,middle,no,no,no,middle,7.2.jpg:Middle,2828,153.103,123,165,NA,hole punch stuck to other kelp,
Oyster River,7,2,end,no,no,no,end,7.2.jpg:End,2828,160.319,138,177,NA,hole punch stuck to other kelp,
Oyster River,7,3,stipe,no,no,no,stipe,7.3.jpg:Stipe,2828,102.686,86,115,0.966,,
Oyster River,7,3,hole punch,no,yes,no,hole punch,7.3.jpg:Hole punch,2828,122.727,111,131,0.966,,
Oyster River,7,3,middle,no,no,no,middle,7.3.jpg:Middle,2828,143.968,133,153,0.966,,
Oyster River,7,3,end,no,no,no,end,7.3.jpg:End,2828,159.046,133,172,0.966,,
Oyster River,7,4,hole punch,no,no,no,hole punch,7.4.jpg:Hole punch,2828,133.744,120,142,0.858,,
Oyster River,7,4,middle,no,no,no,middle,7.4.jpg:Middle,2828,143.822,122,157,0.858,,
Oyster River,7,4,end,no,no,no,end,7.4.jpg:End,2828,157.383,118,171,0.858,,
Oyster River,7,5,hole punch,no,no,no,hole punch,7.5.jpg:Hole punch,2828,124.016,115,131,0.893,,
Oyster River,7,5,middle,no,no,no,middle,7.5.jpg:Middle,2828,143.022,127,152,0.893,,
Oyster River,7,5,end,no,no,no,end,7.5.jpg:End,2828,155.925,131,165,0.893,,
Oyster River,7,6,hole punch,no,no,no,hole punch,7.6.jpg:Hole punch,2828,125.941,114,135,0.775,,
Oyster River,7,6,middle,no,no,no,middle,7.6.jpg:Middle,2828,147.818,128,156,0.775,,
Oyster River,7,6,end,no,no,no,end,7.6.jpg:End,2828,164.258,135,172,0.775,,
Oyster River,7,7,hole punch,no,no,no,hole punch,7.7.jpg:Hole punch,2828,120.993,107,131,0.926,,
Oyster River,7,7,middle,no,no,no,middle,7.7.jpg:Middle,2828,148.524,128,156,0.926,,
Oyster River,7,7,end,no,no,no,end,7.7.jpg:End,2828,160.877,121,173,0.926,,
Oyster River,7,8,hole punch,no,no,no,hole punch,7.8.jpg:Hole punch,2828,105.634,95,115,1.616,,
Oyster River,7,8,middle,no,no,no,middle,7.8.jpg:Middle,2828,139.803,118,147,1.616,,
Oyster River,7,8,end,no,no,no,end,7.8.jpg:End,2828,149.193,123,161,1.616,,
Oyster River,7,9,hole punch,no,no,no,hole punch,7.9.jpg:Hole punch,2828,104.274,86,113,1.397,,
Oyster River,7,9,middle,no,no,no,middle,7.9.jpg:Middle,2828,137.38,114,151,1.397,,
Oyster River,7,9,end,no,no,no,end,7.9.jpg:End,2828,158.999,123,168,1.397,,
Oyster River,7,10,hole punch,no,no,no,hole punch,7.10.jpg:Hole punch,2828,114.963,107,124,0.87,broken to pieces but got most of them,
Oyster River,7,10,middle,no,no,no,middle,7.10.jpg:Middle,2828,141.456,123,150,0.87,broken to pieces but got most of them,
Oyster River,7,10,end,no,no,no,end,7.10.jpg:End,2828,151.856,131,161,0.87,broken to pieces but got most of them,
Oyster River,7,11,stipe,no,no,no,stipe,7.11.jpg:Stipe,2828,99.981,89,111,1.128,,
Oyster River,7,11,hole punch,no,yes,no,hole punch,7.11.jpg:Hole punch,2828,112.257,84,122,1.128,,
Oyster River,7,11,middle,no,no,no,middle,7.11.jpg:Middle,2828,143.895,113,152,1.128,,
Oyster River,7,11,end,no,no,no,end,7.11.jpg:End,2828,146.216,130,154,1.128,,
Oyster River,7,12,hole punch,no,no,no,hole punch,7.12.jpg:Hole punch,2828,126.653,114,137,0.85,,
Oyster River,7,12,middle,no,no,no,middle,7.12.jpg:Middle,2828,146.188,138,154,0.85,,
Oyster River,7,12,end,no,no,no,end,7.12.jpg:End,2828,167.479,140,176,0.85,,
Oyster River,12,1,stipe,yes,no,no,stipe smaller,12.1.jpg:Stipe smaller,2348,117.923,88,132,1.272,,
Oyster River,12,1,middle,no,no,no,middle,12.1.jpg:Middle,2828,153.032,104,165,1.272,,
Oyster River,12,1,end,no,no,no,end,12.1.jpg:End,2828,145.205,93,166,1.272,,
Oyster River,12,2,stipe,no,no,no,stipe,12.2.jpg:Stipe,2828,99.198,86,107,1.763,,
Oyster River,12,2,hole punch,no,yes,no,hole punch,12.2.jpg:Hole punch,2828,119.804,112,130,1.763,,
Oyster River,12,2,middle,no,no,no,middle,12.2.jpg:Middle,2828,138.818,122,147,1.763,,
Oyster River,12,2,end,no,no,no,end,12.2.jpg:End,2828,157.534,145,167,1.763,,
Oyster River,12,3,stipe,yes,no,no,stipe smaller,12.3.jpg:Stipe smaller,1444,122.526,67,134,0.952,,
Oyster River,12,3,hole punch,no,no,no,hole punch,12.3.jpg:Hole punch,2828,137.771,111,157,0.952,,
Oyster River,12,3,middle,no,no,no,middle,12.3.jpg:Middle,2828,143.995,61,165,0.952,,
Oyster River,12,3,end,no,no,no,end,12.3.jpg:End,2828,170.798,100,183,0.952,,
Oyster River,12,4,stipe,no,no,no,stipe,12.4secondblade.jpg:Stipe,2828,117.409,98,131,1.039,,
Oyster River,12,4,hole punch,no,yes,no,hole punch,12.4secondblade.jpg:Hole punch,2828,140.527,124,151,1.039,,
Oyster River,12,4,middle,no,no,no,middle,12.4secondblade.jpg:Middle,2828,155.862,142,163,1.039,,
Oyster River,12,4,end,no,no,no,end,12.4secondblade.jpg:End,2828,163.882,128,175,1.039,,
Oyster River,12,5,hole punch,no,no,no,hole punch,12.5.jpg:Hole punch,2828,122.432,110,134,1.144,,
Oyster River,12,5,middle,no,no,no,middle,12.5.jpg:Middle,2828,155.668,124,164,1.144,,
Oyster River,12,5,end,no,no,no,end,12.5.jpg:End,2828,162.649,123,176,1.144,,
Oyster River,12,6,hole punch,no,no,no,hole punch,12.6.jpg:Hole punch,2828,99.798,87,111,1.894,,
Oyster River,12,6,middle,no,no,no,middle,12.6.jpg:Middle,2828,151.589,131,161,1.894,,
Oyster River,12,6,end,no,no,no,end,12.6.jpg:End,2828,155.249,124,164,1.894,,
Oyster River,12,7,hole punch,no,no,no,hole punch,12.7.jpg:Hole punch,2828,80.045,67,95,1.954,,
Oyster River,12,7,middle,no,no,no,middle,12.7.jpg:Middle,2828,138.643,119,149,1.954,,
Oyster River,12,7,end,no,no,no,end,12.7.jpg:End,2828,168.258,137,178,1.954,,
Oyster River,12,8,hole punch,no,no,no,hole punch,12.8.jpg:Hole punch,2828,120.974,110,130,1.153,,
Oyster River,12,8,middle,no,no,no,middle,12.8.jpg:Middle,2828,151.458,135,160,1.153,,
Oyster River,12,8,end,no,no,no,end,12.8.jpg:End,2828,157.048,109,167,1.153,,
Oyster River,12,9,hole punch,no,no,no,hole punch,12.9.jpg:Hole punch,2828,97.455,87,106,1.787,,
Oyster River,12,9,middle,no,no,no,middle,12.9.jpg:Middle,2828,135.563,125,148,1.787,,
Oyster River,12,9,end,no,no,no,end,12.9.jpg:End,2828,160.161,139,167,1.787,,
Oyster River,12,10,stipe,no,no,no,stipe,12.10.jpg:Stipe,2828,96.542,86,108,1.439,,
Oyster River,12,10,hole punch,no,yes,no,hole punch,12.10.jpg:Hole punch,2828,113.254,103,122,1.439,,
Oyster River,12,10,middle,no,no,no,middle,12.10.jpg:Middle,2828,152.669,136,161,1.439,,
Oyster River,12,10,end,no,no,no,end,12.10.jpg:End,2828,152.002,134,161,1.439,,
Oyster River,12,11,hole punch,no,no,no,hole punch,12.11.jpg:Hole punch,2828,92.626,75,105,1.398,,
Oyster River,12,11,middle,no,no,no,middle,12.11.jpg:Middle,2828,137.523,116,146,1.398,,
Oyster River,12,11,end,no,no,no,end,12.11.jpg:End,2828,154.5,142,165,1.398,,
Oyster River,12,12,hole punch,,,,hole punch,,,,,,0.962,,
Vancouver,1,1,hole punch,,,,hole punch,,,,,,1.022,,
Vancouver,1,2,hole punch,yes,no,no,hole punch,1.2.jpg:Hole punch smaller,1736,157.997,149,172,0.934,,
Vancouver,1,3,end,no,no,no,end,1.3.jpg:End,2828,151.998,75,182,1.253,,
Vancouver,1,3,hole punch,no,no,no,hole punch,1.3.jpg:Hole punch,2828,104.662,80,130,1.253,,
Vancouver,1,4,hole punch,,,,hole punch,,,,,,1.188,,
Vancouver,1,5,hole punch,yes,no,no,hole punch,1.5.jpg:Hole punch smaller,912,145.39,103,160,1.083,,
Vancouver,1,6,hole punch,yes,no,no,hole punch,1.6.jpg:Hole punch smaller,1452,122.201,95,132,1.02,,
Vancouver,1,6,middle,no,no,no,middle,1.6.jpg:Middle,2828,141.168,123,169,1.02,,
Vancouver,1,7,stipe,no,no,no,stipe,1.7.jpg:stipe,2828,125.884,115,136,0.599,,
Vancouver,1,7,hole punch,yes,yes,no,hole punch,1.7.jpg:Hole punch smaller,640,149.569,126,162,0.599,,
Vancouver,1,8,hole punch,no,no,no,hole punch,1.8.jpg:Hole punch,2828,98.593,88,102,1.134,,
Vancouver,1,9,hole punch,no,no,no,hole punch,1.9.jpg:Hole punch,2960,100.376,94,107,1.209,,
Vancouver,1,9,middle,no,no,no,middle,1.9.jpg:Middle,2960,136.158,126,143,1.209,,
Vancouver,1,9,end,no,no,no,end,1.9.jpg:End,2960,143.533,71,167,1.209,,
Vancouver,1,10,hole punch,no,no,no,hole punch,1.10.jpg:Hole punch,2828,103.871,97,110,1.027,,
Vancouver,1,11,hole punch,no,no,no,hole punch,1.11.jpg:Hole punch,2740,90.639,81,99,1.224,,
Vancouver,1,11,middle,no,no,no,middle,1.11.jpg:Middle,2740,149.662,91,182,1.224,,
Vancouver,1,11,end,no,no,no,end,1.11.jpg:End,2740,142.272,95,157,1.224,,
Vancouver,1,12,hole punch,no,no,no,hole punch,1.12.jpg:Hole punch,2828,88.055,78,97,1.182,,
Vancouver,1,12,middle,no,no,no,middle,1.12.jpg:Middle,2828,110.57,104,116,1.182,,
Vancouver,5,1,hole punch,no,no,no,hole punch,5.1.jpg:Hole punch,2828,117.82,104,127,0.627,,
Vancouver,5,1,end,no,no,no,end,5.1.jpg:End,1484,156.796,125,187,0.627,,
Vancouver,5,2,hole punch,no,no,no,hole punch,5.2.jpg:Hole punch,2828,124.246,102,136,1.167,,
Vancouver,5,2,middle,no,no,no,middle,5.2.jpg:Middle,2828,144.94,95,162,1.167,,
Vancouver,5,2,end,no,no,no,end,5.2.jpg:End,2828,150.996,97,176,1.167,,
Vancouver,5,3,end,no,no,no,end,5.3.jpg:End,2828,153.959,130,166,1.166,,
Vancouver,5,4,hole punch,no,no,no,hole punch,5.4.jpg:Hole punch,2828,143.761,101,166,0.942,,
Vancouver,5,4,middle,no,no,no,middle,5.4.jpg:Middle,2828,150.559,136,159,0.942,,
Vancouver,5,4,end,no,no,no,end,5.4.jpg:End,2828,160.787,138,174,0.942,,
Vancouver,5,5,hole punch,no,no,no,hole punch,5.5.jpg:Hole punch,2828,121.508,97,185,0.847,,
Vancouver,5,5,middle,no,no,no,middle,5.5.jpg:Middle,2740,149.062,139,172,0.847,,
Vancouver,5,5,end,no,no,no,end,5.5.jpg:End,2828,158.418,93,175,0.847,,
Vancouver,5,6,hole punch,no,no,no,hole punch,5.6.jpg:Hole punch,2828,120.751,87,131,1.04,,
Vancouver,5,6,middle,no,no,no,middle,5.6.jpg:Middle,2828,147.823,134,168,1.04,,
Vancouver,5,6,end,no,no,no,end,5.6.jpg:End,2828,154.221,78,167,1.04,,
Vancouver,5,7,hole punch,no,no,no,hole punch,5.7.jpg:Hole punch,2828,131.01,110,145,1.007,,
Vancouver,5,7,middle,no,no,no,middle,5.7.jpg:Middle,2828,148.609,76,162,1.007,,
Vancouver,5,7,end,no,no,no,end,5.7.jpg:End,2828,155.802,141,180,1.007,,
Vancouver,5,8,hole punch,no,no,no,hole punch,5.8.jpg:Hole punch,2828,93.879,84,98,1.894,,
Vancouver,5,8,middle,no,no,no,middle,5.8.jpg:Middle,2828,120.266,113,126,1.894,,
Vancouver,5,8,end,no,no,no,end,5.8.jpg:End,2828,153.82,135,169,1.894,,
Vancouver,5,9,hole punch,no,no,no,hole punch,5.9.jpg:Hole punch,2828,108.091,96,115,1.36,,
Vancouver,5,9,middle,no,no,no,middle,5.9.jpg:Middle,2828,141.327,133,146,1.36,,
Vancouver,5,9,end,no,no,no,end,5.9.jpg:End,2828,162.768,139,169,1.36,,
Vancouver,5,10,hole punch,no,no,no,hole punch,5.10.jpg:Hole punch,2828,118.949,112,131,0.967,,
Vancouver,5,10,middle,no,no,no,middle,5.10.jpg:Middle,2828,129.249,111,134,0.967,,
Vancouver,5,10,end,no,no,no,end,5.10.jpg:End,2828,157.367,148,171,0.967,,
Vancouver,5,11,hole punch,no,no,no,hole punch,5.11.jpg:Hole punch,2828,124.547,114,132,1.257,,
Vancouver,5,11,middle,no,no,no,middle,5.11.jpg:Middle,2828,145.477,138,150,1.257,,
Vancouver,5,11,end,no,no,no,end,5.11.jpg:End,2828,162.392,154,169,1.257,,
Vancouver,5,12,hole punch,no,no,no,hole punch,5.12.jpg:Hole punch,2828,122.458,116,127,1.124,,
Vancouver,5,12,middle,no,no,no,middle,5.12.jpg:Middle,2828,139.02,127,165,1.124,,
Vancouver,5,12,end,no,no,no,end,5.12.jpg:End,2828,156.009,78,167,1.124,,
Vancouver,10,1,hole punch,no,no,no,hole punch,10.1.jpg:Hole punch,2828,113.476,104,121,1.286,,
Vancouver,10,1,middle,no,no,no,middle,10.1.jpg:Middle,2828,139.935,129,145,1.286,,
Vancouver,10,1,end,no,no,no,end,10.1.jpg:End,2828,156.184,121,166,1.286,,
Vancouver,10,2,hole punch,no,no,no,hole punch,10.2.jpg:Hole punch,2828,141.568,134,148,1.047,,
Vancouver,10,2,middle,no,no,no,middle,10.2.jpg:Middle,2828,151.504,143,174,1.047,,
Vancouver,10,2,end,no,no,no,end,10.2.jpg:End,2828,164.766,143,179,1.047,,
Vancouver,10,3,hole punch,no,no,no,hole punch,10.3.jpg:Hole punch,2828,139.225,134,144,0.87,,
Vancouver,10,3,middle,no,no,no,middle,10.3.jpg:Middle,2828,140.052,133,145,0.87,,
Vancouver,10,3,end,no,no,no,end,10.3.jpg:End,2828,163.419,149,173,0.87,,
Vancouver,10,4,hole punch,no,no,no,hole punch,10.4.jpg:Hole punch,2828,130.827,104,158,0.97,,
Vancouver,10,4,middle,no,no,no,middle,10.4.jpg:Middle,2828,144.283,131,149,0.97,,
Vancouver,10,4,end,no,no,no,end,10.4.jpg:End,2828,159.671,132,176,0.97,,
Vancouver,10,5,hole punch,no,no,no,hole punch,10.5.jpg:Hole punch,2828,136.506,100,147,1.075,,
Vancouver,10,5,middle,no,no,no,middle,10.5.jpg:Middle,2828,141.175,130,147,1.075,,
Vancouver,10,5,end,no,no,no,end,10.5.jpg:End,2828,155.524,105,177,1.075,,
Vancouver,10,6,hole punch,no,no,no,hole punch,10.6.jpg:Hole punch,2828,126.502,117,136,1.036,,
Vancouver,10,6,middle,no,no,no,middle,10.6.jpg:Middle,2828,133.645,123,137,1.036,,
Vancouver,10,6,end,no,no,no,end,10.6.jpg:End,2828,160.932,138,179,1.036,,
Vancouver,10,7,stipe,no,no,no,stipe,10.7.jpg:Stipe,2828,121.627,113,128,0.98,,
Vancouver,10,7,hole punch,no,no,no,hole punch,10.7.jpg:Hole punch,2828,138.365,131,144,0.98,,
Vancouver,10,7,middle,no,no,no,middle,10.7.jpg:Middle,2828,145.915,132,155,0.98,,
Vancouver,10,7,end,no,no,no,end,10.7.jpg:End,2828,167.979,148,178,0.98,,
Vancouver,10,8,hole punch,no,no,no,hole punch,10.9.jpg:Hole punch,2828,107.985,100,114,1.411,,
Vancouver,10,8,middle,no,no,no,middle,10.9.jpg:Middle,2828,142.74,129,149,1.411,,
Vancouver,10,9,hole punch,,,,hole punch,,,,,,1.537,,
Vancouver,10,10,hole punch,no,no,no,hole punch,10.10.jpg:Hole punch,2828,117.018,106,123,1.451,,
Vancouver,10,10,middle,no,no,no,middle,10.10.jpg:Middle,2828,136.762,134,140,1.451,,
Vancouver,10,10,end,no,no,no,end,10.10.jpg:End,2828,161.602,148,170,1.451,,
Vancouver,10,11,hole punch,no,no,no,hole punch,10.11.jpg:Hole punch,2828,124.352,118,129,1.095,,
Vancouver,10,11,middle,no,no,no,middle,10.11.jpg:Middle,2828,133.35,118,139,1.095,,
Vancouver,10,11,end,no,no,no,end,10.11.jpg:End,2828,148.745,118,159,1.095,,
Vancouver,10,12,hole punch,no,no,no,hole punch,10.12.jpg:Hole punch,2828,114.882,104,120,1.457,,
Vancouver,10,12,middle,no,no,no,middle,10.12.jpg:Middle,2828,141.536,131,147,1.457,,
Vancouver,10,12,end,no,no,no,end,10.12.jpg:End,2828,160.288,141,167,1.457,,
Browns Bay,4,1,hole punch,no,no,no,hole punch,4.1.jpg:Hole punch,2828,131.366,115,143,1.018,,
Browns Bay,4,1,middle,no,no,no,middle,4.1.jpg:Middle,2828,160.389,146,165,1.018,,
Browns Bay,4,1,end,no,no,no,end,4.1.jpg:End,2828,164.811,137,181,1.018,,
Browns Bay,4,2,hole punch,no,no,no,hole punch,4.2.jpg:Hole punch,2828,147.37,138,152,0.99,,
Browns Bay,4,2,middle,no,no,no,middle,4.2.jpg:Middle,2828,159.775,145,166,0.99,,
Browns Bay,4,2,end,no,no,no,end,4.2.jpg:End,2828,169.899,154,175,0.99,,
Browns Bay,4,3,hole punch,no,no,no,hole punch,4.3.jpg:Hole punch,2828,142.137,135,149,0.807,,
Browns Bay,4,3,middle,no,no,no,middle,4.3.jpg:Middle,2828,148.314,86,160,0.807,,
Browns Bay,4,3,end,no,no,no,end,4.3.jpg:End,2828,155.035,85,173,0.807,,
Browns Bay,4,4,hole punch,no,no,no,hole punch,4.4.jpg:Hole punch,2828,134.047,128,138,0.975,,
Browns Bay,4,4,middle,no,no,no,middle,4.4.jpg:Middle,2828,153.591,136,159,0.975,,
Browns Bay,4,4,end,no,no,no,end,4.4.jpg:End,2828,168.287,136,180,0.975,,
Browns Bay,4,5,hole punch,no,no,no,hole punch,4.5.jpg:Hole punch,2828,140.097,131,145,1.165,,
Browns Bay,4,5,middle,no,no,no,middle,4.5.jpg:Middle,2828,147.01,117,151,1.165,,
Browns Bay,4,5,end,no,no,no,end,4.5.jpg:End,2828,162.812,148,170,1.165,,
Browns Bay,4,6,hole punch,no,no,no,hole punch,4.6.jpg:Hole punch,2828,133.173,120,139,1.09,,
Browns Bay,4,6,middle,no,no,no,middle,4.6.jpg:Middle,2828,166.47,155,172,1.09,,
Browns Bay,4,6,end,no,no,no,end,4.6.jpg:End,2828,161.36,151,167,1.09,,
Browns Bay,4,7,hole punch,no,no,no,hole punch,4.7.jpg:Hole punch,2828,146.818,138,152,0.774,,
Browns Bay,4,7,middle,no,no,no,middle,4.7.jpg:Middle,2828,162.762,142,169,0.774,,
Browns Bay,4,7,end,no,no,no,end,4.7.jpg:End,2828,161.182,143,171,0.774,,
Browns Bay,4,8,hole punch,no,no,no,hole punch,4.8.jpg:Hole punch,2828,125.456,119,131,1.213,,
Browns Bay,4,8,middle,no,no,no,middle,4.8.jpg:Middle,2828,145.785,140,150,1.213,,
Browns Bay,4,8,end,no,no,no,end,4.8.jpg:End,2828,153.027,143,157,1.213,,
Browns Bay,4,9,hole punch,no,no,no,hole punch,4.9.jpg:Hole punch,2828,103.588,98,108,1.254,,
Browns Bay,4,9,middle,no,no,no,middle,4.9.jpg:Middle,2828,127.182,121,133,1.254,,
Browns Bay,4,9,end,no,no,no,end,4.9.jpg:End,2828,135.22,86,148,1.254,,
Browns Bay,4,10,hole punch,no,no,no,hole punch,4.10.jpg:Hole punch,2828,92.744,81,101,1.381,,
Browns Bay,4,10,middle,no,no,no,middle,4.10.jpg:Middle,2828,129.674,97,142,1.381,,
Browns Bay,4,10,end,no,no,no,end,4.10.jpg:End,2828,154.235,88,164,1.381,,
Browns Bay,4,11,hole punch,no,no,no,hole punch,4.11.jpg:Hole punch,2828,99.411,89,110,NA,no bag found,
Browns Bay,4,11,middle,no,no,no,middle,4.11.jpg:Middle,2828,134.144,123,141,NA,no bag found,
Browns Bay,4,11,end,no,no,yes,end,4.11.jpg:End farther,2828,165.243,134,173,NA,no bag found,
Browns Bay,4,12,hole punch,no,no,no,hole punch,4.12.jpg:Hole punch,2828,97.377,89,102,1.241,had paper stuck to outside that was not removable,
Browns Bay,4,12,middle,no,no,no,middle,4.12.jpg:Middle,2828,130.736,122,136,1.241,,
Browns Bay,4,12,end,no,no,no,end,4.12.jpg:End,2828,160.022,120,168,1.241,,
Browns Bay,8,1,hole punch,no,no,no,hole punch,8.1.jpg:Hole punch,2828,124.666,113,132,1.577,,
Browns Bay,8,1,middle,no,no,no,middle,8.1.jpg:Middle,2828,141.615,91,153,1.577,,
Browns Bay,8,1,end,no,no,no,end,8.1.jpg:End,2828,167.383,152,177,1.577,,
Browns Bay,8,2,hole punch,no,no,no,hole punch,8.2.jpg:Hole punch,2828,135.796,123,145,1.134,,
Browns Bay,8,2,middle,no,no,no,middle,8.2.jpg:Middle,2828,152.96,146,159,1.134,,
Browns Bay,8,2,end,no,no,no,end,8.2.jpg:End,2828,170.52,164,174,1.134,,
Browns Bay,8,3,hole punch,no,no,no,hole punch,8.3.jpg:Hole punch,2828,143.5,122,151,0.812,,
Browns Bay,8,3,middle,no,no,no,middle,8.3.jpg:Middle,2828,158.658,135,164,0.812,,
Browns Bay,8,3,end,no,no,no,end,8.3.jpg:End,2828,169.843,135,175,0.812,,
Browns Bay,8,4,hole punch,no,no,no,hole punch,8.4.jpg:Hole punch,2828,120.823,109,127,1.447,,
Browns Bay,8,4,middle,no,no,no,middle,8.4.jpg:Middle,2828,142.648,127,154,1.447,,
Browns Bay,8,4,end,no,no,no,end,8.4.jpg:End,2828,168.355,88,184,1.447,,
Browns Bay,8,5,hole punch,no,no,no,hole punch,8.5.jpg:Hole punch,2828,142.247,131,149,1.318,,
Browns Bay,8,5,middle,no,no,no,middle,8.5.jpg:Middle,2828,150.991,143,158,1.318,,
Browns Bay,8,5,end,no,no,no,end,8.5.jpg:End,2828,168.616,153,177,1.318,,
Browns Bay,8,6,hole punch,no,no,no,hole punch,8.6.jpg:Hole punch,2828,134.696,125,145,1.224,,
Browns Bay,8,6,middle,no,no,no,middle,8.6.jpg:Middle,2828,153.658,134,160,1.224,,
Browns Bay,8,6,end,no,no,no,end,8.6.jpg:End,2828,167.739,138,175,1.224,,
Browns Bay,8,7,hole punch,no,no,no,hole punch,8.7.jpg:Hole punch,2828,144.39,134,152,1.159,,
Browns Bay,8,7,middle,no,no,no,middle,8.7.jpg:Middle,2828,162.901,143,167,1.159,,
Browns Bay,8,7,end,no,no,no,end,8.7.jpg:End,2828,168.159,159,176,1.159,,
Browns Bay,8,8,hole punch,no,no,no,hole punch,8.8.jpg:Hole punch,2932,99.061,93,104,1.601,,
Browns Bay,8,8,middle,no,no,no,middle,8.8.jpg:Middle,2932,130.061,124,134,1.601,,
Browns Bay,8,8,end,no,no,no,end,8.8.jpg:End,2932,158.125,143,163,1.601,,
Browns Bay,8,9,hole punch,no,no,no,hole punch,8.9.jpg:Hole punch,2828,119.253,110,124,1.302,,
Browns Bay,8,9,middle,no,no,no,middle,8.9.jpg:Middle,2828,145.422,138,149,1.302,,
Browns Bay,8,9,end,no,no,no,end,8.9.jpg:End,2828,154.032,132,160,1.302,,
Browns Bay,8,10,hole punch,no,no,no,hole punch,8.10.jpg:Hole punch,2828,142.466,135,147,1.043,,
Browns Bay,8,10,middle,no,no,no,middle,8.10.jpg:Middle,2828,158.901,151,164,1.043,,
Browns Bay,8,10,end,no,no,no,end,8.10.jpg:End,2828,164.477,154,168,1.043,,
Browns Bay,8,11,hole punch,no,no,no,hole punch,8.11.jpg:Hole punch,2828,110.158,105,115,1.453,,
Browns Bay,8,11,middle,no,no,no,middle,8.11.jpg:Middle,2828,153.037,146,157,1.453,,
Browns Bay,8,11,end,no,no,no,end,8.11.jpg:End,2828,158.391,138,176,1.453,,
Browns Bay,8,12,hole punch,no,no,no,hole punch,8.12.jpg:Hole punch,2828,118.234,108,125,1.033,,
Browns Bay,8,12,middle,no,no,no,middle,8.12.jpg:Middle,2828,143.135,137,163,1.033,,
Browns Bay,8,12,end,no,no,no,end,8.12.jpg:End,2828,161.273,128,166,1.033,,
Browns Bay,9,1,hole punch,no,no,no,hole punch,9.1.jpg:Hole punch,2828,133.049,126,140,1.103,,
Browns Bay,9,1,middle,no,no,no,middle,9.1.jpg:Middle,2828,148.315,140,157,1.103,,
Browns Bay,9,1,end,no,no,no,end,9.1.jpg:End,2828,166.131,124,177,1.103,,
Browns Bay,9,2,hole punch,no,no,no,hole punch,9.2.jpg:Hole punch,2828,130.544,124,135,1.239,,
Browns Bay,9,2,middle,no,no,no,middle,9.2.jpg:Middle,2828,148.251,141,152,1.239,,
Browns Bay,9,2,end,no,no,no,end,9.2.jpg:End,2828,158.908,124,165,1.239,,
Browns Bay,9,3,hole punch,no,no,no,hole punch,9.3.jpg:Hole punch,2828,129.644,125,135,1.015,,
Browns Bay,9,3,middle,no,no,no,middle,9.3.jpg:Middle,2828,151.478,141,156,1.015,,
Browns Bay,9,3,end,no,no,no,end,9.3.jpg:End,2828,159.855,141,165,1.015,,
Browns Bay,9,4,hole punch,no,no,no,hole punch,9.4.jpg:Hole punch,2828,119.996,93,135,1.376,,
Browns Bay,9,4,middle,no,no,no,middle,9.4.jpg:Middle,2828,145.633,129,162,1.376,,
Browns Bay,9,4,end,no,no,no,end,9.4.jpg:End,2828,153.586,103,168,1.376,,
Browns Bay,9,5,hole punch,no,no,no,hole punch,9.5.jpg:Hole punch,2828,116.143,73,129,1.877,,
Browns Bay,9,5,middle,no,no,no,middle,9.5.jpg:Middle,2828,150.692,137,159,1.877,,
Browns Bay,9,5,end,no,no,no,end,9.5.jpg:End,2828,165.131,149,179,1.877,,
Browns Bay,9,6,hole punch,no,no,no,hole punch,9.6.jpg:Hole punch,2828,129.202,115,138,1.662,,
Browns Bay,9,6,middle,no,no,no,middle,9.6.jpg:Middle,2828,159.535,150,165,1.662,,
Browns Bay,9,6,end,no,no,no,end,9.6.jpg:End,2828,170.864,165,176,1.662,,
Browns Bay,9,7,hole punch,no,no,no,hole punch,9.7.jpg:Hole punch,2828,141.8,130,150,1.306,,
Browns Bay,9,7,middle,no,no,no,middle,9.7.jpg:Middle,2828,143.414,114,149,1.306,,
Browns Bay,9,7,end,no,no,no,end,9.7.jpg:End,2828,165.863,153,178,1.306,,
Browns Bay,9,8,hole punch,no,no,no,hole punch,9.8.jpg:Hole punch,2828,104.283,95,112,1.271,,
Browns Bay,9,8,middle,no,no,no,middle,9.8.jpg:Middle,2828,145.844,140,149,1.271,,
Browns Bay,9,8,end,no,no,no,end,9.8.jpg:End,2828,149.361,121,156,1.271,,
Browns Bay,9,9,stipe,no,no,no,stipe,9.9.jpg:Stipe (there is no hole punch),2828,93.546,85,99,1.752,,
Browns Bay,9,9,middle,no,no,no,middle,9.9.jpg:Middle,2828,138.532,124,145,1.752,,
Browns Bay,9,9,end,no,no,no,end,9.9.jpg:End,2828,158.231,141,163,1.752,,
Browns Bay,9,10,hole punch,no,no,no,hole punch,9.10.jpg:Hole punch,2828,111.361,104,116,1.192,,
Browns Bay,9,10,middle,no,no,no,middle,9.10.jpg:Middle,2828,135.671,119,145,1.192,,
Browns Bay,9,10,end,no,no,no,end,9.10.jpg:End,2828,161.334,133,168,1.192,,
Browns Bay,9,11,hole punch,no,no,no,hole punch,9.11(1).jpg:Hole punch,2828,109.207,104,116,1.274,,
Browns Bay,9,11,middle,no,no,no,middle,9.11(1).tif:Middle,2828,146.076,137,150,1.274,,
Browns Bay,9,11,end,no,no,no,end,9.11(1).jpg:End,2828,154.924,130,165,1.274,,
Browns Bay,9,11,hole punch,no,no,no,hole punch,9.11(2).jpg:Hole punch,2932,118.611,113,123,1.274,,
Browns Bay,9,11,middle,no,no,no,middle,9.11(2).jpg:Middle,2932,134.317,128,140,1.274,,
Gabriola,13,2,hole punch,no,no,no,hole punch,13.2.jpg:hole punch,2828,102.292,69,110,1.569,,
Gabriola,13,2,middle,no,no,no,middle,13.2.jpg:middle,2828,112.455,97,124,1.569,,
Gabriola,13,2,end,no,no,no,end,13.2.jpg:end,2828,117.713,89,132,1.569,,
Gabriola,13,3,hole punch,no,no,no,hole punch,13.3.jpg:hole punch,2828,138.292,131,143,0.801,,
Gabriola,13,3,middle,no,no,no,middle,13.3.jpg:middle,2828,145.503,110,154,0.801,,
Gabriola,13,3,end,no,no,no,end,13.3.jpg:end,2828,164.914,125,173,0.806,,
Gabriola,13,4,hole punch,no,no,no,hole punch,13.4.jpg:hole punch,2828,93.952,83,103,2.033,,
Gabriola,13,4,middle,no,no,no,middle,13.4.jpg:middle,2828,120.235,74,130,2.033,,
Gabriola,13,4,end,no,no,no,end,13.4.jpg:end,2828,157.151,120,168,2.033,,
Gabriola,14,1,hole punch,no,no,no,hole punch,14.1.jpg:hole punch,2828,125.709,107,135,1.585,,
Gabriola,14,1,middle,no,no,no,middle,14.1.jpg:middle,2828,159.057,129,169,1.585,,
Gabriola,14,1,end,no,no,no,end,14.1.jpg:end,2828,170.173,143,178,1.585,,
Gabriola,14,2,hole punch,no,no,no,hole punch,14.2.jpg:hole punch,2828,112.352,105,120,1.848,,
Gabriola,14,2,middle,no,no,no,middle,14.2.jpg:middle,2828,147.567,124,153,1.848,,
Gabriola,14,2,end,no,no,no,end,14.2.jpg:end,2828,164.207,146,170,1.848,,
Gabriola,14,3,hole punch,no,no,no,hole punch,14.3.jpg:hole punch,2828,111.69,101,119,1.327,,
Gabriola,14,3,middle,no,no,no,middle,14.3.jpg:middle,2828,153.438,131,160,1.327,,
Gabriola,14,3,end,no,no,no,end,14.3.jpg:end,2828,166.808,154,174,1.327,,
Gabriola,14,4,hole punch,no,no,no,hole punch,14.4.jpg:hole punch,2828,113.727,22,184,1.153,,
Gabriola,14,4,middle,no,no,no,middle,14.4.jpg:middle,2828,140.122,86,163,1.153,,
Gabriola,14,4,end,no,no,no,end,14.4.jpg:end,2828,145.62,70,176,1.153,,
